id,first_name,last_name,email,gender,ip_address
1,Worth,Cumber,wcumber0@google.cn,Polygender,211.95.133.81
2,Raviv,McGilbon,rmcgilbon1@uiuc.edu,Bigender,207.113.76.11
3,Malachi,Sier,msier2@icq.com,Female,57.230.107.11
4,Teresina,Merrall,tmerrall3@miitbeian.gov.cn,Polygender,138.133.137.18
5,Miles,McGloin,mmcgloin4@nyu.edu,Genderqueer,136.242.52.148
6,Marrilee,Roughley,mroughley5@discuz.net,Female,9.171.172.55
7,Jyoti,Bullock,jbullock6@skype.com,Polygender,25.233.93.229
8,Halette,Jime,hjime7@vk.com,Bigender,57.242.109.138
9,Tarah,Schistl,tschistl8@timesonline.co.uk,Female,131.101.171.156
10,Etta,Clougher,eclougher9@devhub.com,Bigender,94.186.27.27
11,Dollie,Sylvester,dsylvestera@cargocollective.com,Agender,226.42.206.120
12,Zuzana,Wolters,zwoltersb@tiny.cc,Polygender,223.86.148.123
13,Tabby,Antonelli,tantonellic@fema.gov,Genderqueer,53.64.38.73
14,Jean,Condon,jcondond@noaa.gov,Genderfluid,72.90.233.101
15,Letizia,Goodbarne,lgoodbarnee@joomla.org,Male,227.0.213.197
16,Fara,Portis,fportisf@nba.com,Female,90.234.45.81
17,Wally,Dumbell,wdumbellg@rambler.ru,Genderqueer,219.196.197.81
18,Carree,Ransom,cransomh@jimdo.com,Polygender,175.111.39.176
19,Langston,Slucock,lslucocki@arizona.edu,Female,185.48.181.119
20,Madella,Bassill,mbassillj@scribd.com,Agender,8.26.115.33
21,Fanya,de Verson,fdeversonk@spotify.com,Female,43.95.161.197
22,Ugo,Mayman,umaymanl@ning.com,Non-binary,233.156.74.37
23,Gipsy,Twitty,gtwittym@google.com.hk,Polygender,72.218.121.230
24,Kathie,Nozzolii,knozzoliin@deviantart.com,Male,69.207.179.208
25,Moss,Baiyle,mbaiyleo@google.pl,Bigender,119.129.28.58
